City_ID,City,Lat,Lng,Max Temp,Humidity,Cloudiness,Wind Speed,Country,Date
0,namatanai,-3.6667,152.4333,25.66,81,49,1.57,PG,1681928753
1,praya,14.9215,-23.5087,25.3,61,75,9.26,CV,1681928753
2,albany,42.6001,-73.9662,7.24,65,81,0.45,US,1681928092
3,bredasdorp,-34.5322,20.0403,17.35,68,100,0.59,ZA,1681928753
4,hasaki,35.7333,140.8333,16.22,93,100,4.61,JP,1681928753
5,saskylakh,71.9167,114.0833,-25.49,100,81,1.57,RU,1681928754
6,rikitea,-23.1203,-134.9692,25.08,74,89,3.6,PF,1681928754
7,moanda,-1.5575,13.2178,28.13,93,98,1.07,GA,1681928754
8,urusha,54.05,122.9,-3.07,62,100,4.31,RU,1681928754
9,busselton,-33.65,115.3333,13.67,60,1,3.48,AU,1681928754
10,paramonga,-10.6667,-77.8333,25.16,74,93,3.92,PE,1681928602
11,tuktoyaktuk,69.4541,-133.0374,-10.0,85,100,2.57,CA,1681928754
12,kaeo,-35.1,173.7833,20.18,97,100,4.42,NZ,1681928755
13,marathon,44.9,-89.7668,2.58,91,100,6.17,US,1681928755
14,harper,4.375,-7.7169,28.55,76,82,4.96,LR,1681928755
15,mahebourg,-20.4081,57.7,26.25,83,40,5.14,MU,1681928755
16,guerrero negro,27.9769,-114.0611,17.26,58,55,9.38,MX,1681928470
17,provideniya,64.3833,-173.3,-5.1,93,99,1.49,RU,1681928756
18,vaini,-21.2,-175.2,25.09,83,40,6.17,TO,1681928756
19,kargasok,59.0556,80.8572,-5.66,93,100,3.83,RU,1681928756
20,avarua,-21.2078,-159.775,24.03,94,40,3.6,CK,1681928756
21,cape town,-33.9258,18.4232,19.65,78,0,5.66,ZA,1681928596
22,bengkulu,-3.8004,102.2655,24.32,91,95,2.0,ID,1681928757
23,jamestown,42.097,-79.2353,11.96,63,0,3.09,US,1681928757
24,cururupu,-1.8283,-44.8683,28.94,73,96,1.43,BR,1681928650
25,chokurdakh,70.6333,147.9167,-22.62,100,96,1.18,RU,1681928658
26,bluff,-46.6,168.3333,11.56,83,20,3.47,NZ,1681928757
27,hobart,-42.8794,147.3294,10.14,73,75,4.63,AU,1681928757
28,black river,18.0264,-77.8487,28.45,69,11,2.62,JM,1681928757
29,iracoubo,5.4802,-53.2011,27.23,79,47,4.88,GF,1681928758
30,mataura,-46.1927,168.8643,11.38,99,41,0.43,NZ,1681928758
31,balotra,25.8333,72.2333,30.21,25,99,0.76,IN,1681928758
32,alofi,-19.0595,-169.9187,24.94,94,100,4.12,NU,1681928758
33,hithadhoo,-0.6,73.0833,28.87,70,100,1.64,MV,1681928758
34,beira,-19.8436,34.8389,24.05,83,20,2.57,MZ,1681928758
35,ushuaia,-54.8,-68.3,10.79,62,75,12.86,AR,1681928593
36,cabo san lucas,22.8909,-109.9124,29.61,68,40,3.6,MX,1681928542
37,piney green,34.716,-77.3202,30.57,26,0,2.06,US,1681928759
38,channel-port aux basques,47.5702,-59.1367,2.68,98,100,8.18,CA,1681928759
39,yellowknife,62.456,-114.3525,2.29,48,0,3.6,CA,1681928759
40,thompson,55.7435,-97.8558,-0.91,43,75,5.66,CA,1681928557
41,khilok,51.3674,110.4676,-10.92,77,8,2.0,RU,1681928759
42,meulaboh,4.1363,96.1285,24.01,95,100,2.35,ID,1681928760
43,luanda,-8.8368,13.2343,27.54,87,18,6.89,AO,1681928604
44,batemans bay,-35.7167,150.1833,15.61,82,97,2.2,AU,1681928760
45,geraldton,-28.7667,114.6,18.23,45,26,2.57,AU,1681928760
46,arraial do cabo,-22.9661,-42.0278,24.98,88,75,6.17,BR,1681928760
47,tuatapere,-46.1333,167.6833,9.3,94,34,2.03,NZ,1681928760
48,margate,51.3813,1.3862,11.61,75,7,4.02,GB,1681928473
49,saint anthony,45.0205,-93.218,6.53,80,100,8.23,US,1681928761
50,broome,42.2506,-75.833,11.12,61,100,4.12,US,1681928761
51,kijang,35.2442,129.2139,15.85,96,53,2.61,KR,1681928761
52,bilibino,68.0546,166.4372,-8.21,95,100,1.39,RU,1681928552
53,punta arenas,-53.15,-70.9167,12.06,62,40,19.03,CL,1681928661
54,qaanaaq,77.484,-69.3632,-13.24,77,29,1.55,GL,1681928762
55,bolu,40.6667,31.5833,8.51,94,59,1.77,TR,1681928763
56,butaritari,3.0707,172.7902,27.94,77,37,4.59,KI,1681928763
57,katsuura,35.1333,140.3,17.01,93,100,3.45,JP,1681928579
58,vardo,70.3705,31.1107,2.99,87,75,5.66,NO,1681928764
59,derzhavinsk,51.1,66.3167,2.29,92,71,4.17,KZ,1681928764
60,marsa matruh,31.3525,27.2453,17.11,67,40,5.14,EG,1681928764
61,eureka,40.8021,-124.1637,12.88,72,37,0.89,US,1681928765
62,tasiilaq,65.6145,-37.6368,3.09,99,100,3.0,GL,1681928765
63,atuona,-9.8,-139.0333,27.43,67,27,3.05,PF,1681928765
64,hermanus,-34.4187,19.2345,16.56,54,100,2.59,ZA,1681928630
65,hofn,64.2539,-15.2082,11.01,87,40,1.54,IS,1681928766
66,komsomolskiy,40.4272,71.7189,10.4,53,50,1.03,UZ,1681928766
67,baghdad,33.3406,44.4009,24.95,38,0,1.54,IQ,1681928526
68,itaperuna,-21.205,-41.8878,29.44,75,98,3.7,BR,1681928516
69,naze,28.3667,129.4833,19.51,95,100,4.69,JP,1681928769
70,kahului,20.8947,-156.47,23.8,95,100,7.72,US,1681928769
71,roebourne,-20.7833,117.1333,24.3,35,60,5.92,AU,1681928769
72,sivaki,52.6333,126.75,-2.41,81,100,3.24,RU,1681928770
73,sao paulo de olivenca,-3.3783,-68.8725,31.95,65,85,1.33,BR,1681928770
74,grand-lahou,5.1367,-5.0242,28.16,77,57,1.67,CI,1681928771
75,kapaa,22.0752,-159.319,25.66,89,20,2.57,US,1681928772
76,kaitangata,-46.2817,169.8464,6.91,99,45,1.48,NZ,1681928772
77,sitka,57.0531,-135.33,7.94,66,40,3.6,US,1681928772
78,port alfred,-33.5906,26.891,23.99,76,69,4.02,ZA,1681928580
79,nikolskoye,59.7035,30.7861,9.94,96,5,2.56,RU,1681928773
80,wanaka,-44.7,169.15,6.73,94,48,0.45,NZ,1681928773
81,tezu,27.9167,96.1667,27.31,32,62,1.71,IN,1681928773
82,kavaratti,10.5669,72.642,28.54,74,5,3.78,IN,1681928774
83,georgetown,5.4112,100.3354,28.86,79,20,0.0,MY,1681928754
84,kuito,-12.3833,16.9333,16.88,75,49,0.7,AO,1681928774
85,grindavik,63.8424,-22.4338,11.97,100,75,12.35,IS,1681928774
86,sabang,5.8933,95.3214,28.42,75,70,4.49,ID,1681928775
87,tiksi,71.6872,128.8694,-22.52,100,100,1.9,RU,1681928775
88,avera,33.194,-82.5271,30.51,30,0,1.42,US,1681928776
89,ola,59.5833,151.2833,-4.95,77,99,4.78,RU,1681928776
90,puerto ayora,-0.7393,-90.3518,29.98,98,99,1.79,EC,1681928777
91,luderitz,-26.6481,15.1594,14.18,96,70,3.73,NA,1681928777
92,san joaquin,37.9333,-121.3011,15.86,52,0,3.09,US,1681928777
93,hualmay,-11.0964,-77.6139,23.53,79,81,5.16,PE,1681928777
94,deputatskiy,69.3,139.9,-24.13,100,96,0.98,RU,1681928777
95,hamilton,39.1834,-84.5333,25.55,38,0,3.6,US,1681928685
96,hilo,19.7297,-155.09,27.93,88,20,6.69,US,1681928493
97,vostok,46.4856,135.8833,1.93,88,89,2.05,RU,1681928778
98,tanout,14.9709,8.8879,36.07,11,17,5.18,NE,1681928779
99,chowchilla,37.123,-120.2602,15.01,51,0,6.69,US,1681928779
100,atar,20.5169,-13.0499,31.02,14,54,5.37,MR,1681928779
101,faanui,-16.4833,-151.75,27.92,78,81,6.62,PF,1681928779
102,birjand,32.8663,59.2211,13.26,18,0,2.06,IR,1681928780
103,badvel,14.75,79.05,28.66,57,0,1.82,IN,1681928780
104,port hedland,-20.3167,118.5667,19.03,48,58,3.6,AU,1681928780
105,kurumkan,54.3,110.3,-8.42,44,29,1.19,RU,1681928780
106,pisco,-13.7,-76.2167,25.03,69,0,5.66,PE,1681928781
107,vengerovo,55.6848,76.7471,-2.46,61,47,3.29,RU,1681928781
108,yuancheng,36.652,107.7896,14.03,23,53,8.38,CN,1681928781
109,marstal,54.8562,10.5173,10.95,72,4,6.5,DK,1681928782
110,nichinan,31.6,131.3667,18.82,90,100,4.07,JP,1681928782
111,laguna,38.421,-121.4238,15.6,52,0,2.06,US,1681928782
112,halvad,23.0167,71.1833,29.65,52,40,4.83,IN,1681928783
113,kargil,34.5667,76.1,0.18,94,100,2.71,IN,1681928783
114,fort nelson,58.8053,-122.7002,2.19,90,100,2.57,CA,1681928784
115,goderich,43.7501,-81.7165,5.18,60,70,3.6,CA,1681928784
116,srednekolymsk,67.45,153.6833,-10.01,96,99,3.65,RU,1681928784
117,aykhal,66.0,111.5,-15.43,100,94,2.28,RU,1681928785
118,carnarvon,-24.8667,113.6333,24.48,42,77,6.32,AU,1681928601
119,east london,-33.0153,27.9116,26.52,44,0,3.09,ZA,1681928785
120,torbay,47.6666,-52.7314,3.55,83,75,9.26,CA,1681928785
121,katihar,25.5333,87.5833,32.86,12,4,4.8,IN,1681928786
122,barrow,71.2906,-156.7887,-16.99,85,100,4.12,US,1681928786
123,vila franca do campo,37.7167,-25.4333,17.23,84,86,10.8,PT,1681928786
124,bethel,41.3712,-73.414,13.34,52,75,6.69,US,1681928786
125,zhezkazgan,47.8043,67.7144,8.97,49,94,3.7,KZ,1681928787
126,ponta delgada,37.7333,-25.6667,17.4,82,20,10.29,PT,1681928787
127,narsaq,60.9167,-46.05,8.12,91,89,1.45,GL,1681928788
128,kamenka,51.3223,42.7678,9.49,54,89,4.4,RU,1681928788
129,chuy,-33.6971,-53.4616,13.92,70,100,7.18,UY,1681928789
130,burns lake,54.2331,-125.7533,3.68,89,100,1.05,CA,1681928790
131,yar-sale,66.8333,70.8333,-10.15,80,97,2.37,RU,1681928790
132,nome,64.5011,-165.4064,-12.13,78,0,0.0,US,1681928610
133,klaksvik,62.2266,-6.589,9.51,77,35,6.16,FO,1681928790
134,souillac,-20.5167,57.5167,26.21,83,40,5.14,MU,1681928791
135,thai binh,20.45,106.3333,24.22,98,30,3.56,VN,1681928791
136,new norfolk,-42.7826,147.0587,9.95,74,80,0.89,AU,1681928791
137,dubuque,42.4833,-90.8668,10.93,82,100,4.63,US,1681928791
138,lavrentiya,65.5833,-171.0,-9.63,92,56,1.78,RU,1681928792
139,nakonde,-9.3421,32.745,15.91,97,98,1.82,ZM,1681928792
140,acapulco,16.8634,-99.8901,30.9,66,0,3.09,MX,1681928504
141,khatanga,71.9667,102.5,-24.8,100,58,0.81,RU,1681928792
142,bowen,-20.0167,148.2333,19.73,88,3,2.01,AU,1681928793
143,castro,-24.7911,-50.0119,18.37,60,0,6.3,BR,1681928793
144,vizinga,61.0749,50.1031,2.56,74,5,0.25,RU,1681928793
145,dikson,73.5069,80.5464,-13.84,96,98,5.08,RU,1681928794
146,ruteng,-8.6136,120.4721,17.22,95,99,1.92,ID,1681928794
147,longonjo,-12.9067,15.2533,19.73,76,82,2.12,AO,1681928794
148,manuk mangkaw,4.8,119.85,28.62,74,16,3.05,PH,1681928794
149,tombouctou,20.0,-3.0,36.61,12,19,4.46,ML,1681928795
150,grand forks,47.9417,-97.4337,1.85,92,100,9.26,US,1681928795
151,talnakh,69.4865,88.3972,-14.33,92,98,2.25,RU,1681928606
152,mchinji,-13.7984,32.8802,16.93,97,87,1.97,MW,1681928796
153,upernavik,72.7868,-56.1549,-7.86,87,100,3.46,GL,1681928796
154,shvartsevskiy,54.0961,37.9917,12.06,49,98,5.1,RU,1681928643
155,yima,34.7381,111.8839,18.62,81,0,1.24,CN,1681928797
156,mingshui,36.7167,117.5,18.27,48,0,3.93,CN,1681928797
157,port elizabeth,-33.918,25.5701,22.4,62,0,2.06,ZA,1681928597
158,salalah,17.0151,54.0924,28.05,74,40,2.57,OM,1681928797
159,great bend,38.3645,-98.7648,27.69,46,0,2.06,US,1681928798
160,isangel,-19.55,169.2667,24.69,79,86,1.62,VU,1681928798
161,narrabri,-30.3167,149.7833,14.18,82,95,0.45,AU,1681928799
162,tres arroyos,-38.3739,-60.2798,17.59,40,16,7.57,AR,1681928799
163,purpe,64.4803,76.6897,-7.43,96,100,3.43,RU,1681928799
164,umba,66.6871,34.3429,0.79,99,100,1.88,RU,1681928799
165,raudeberg,61.9875,5.1352,11.37,68,20,9.25,NO,1681928799
166,broken hill,-31.95,141.4333,11.25,64,1,6.34,AU,1681928799
167,katherine,-14.4667,132.2667,23.18,68,43,3.6,AU,1681928800
168,lompoc,34.6391,-120.4579,20.38,41,20,8.23,US,1681928648
169,evensk,61.95,159.2333,0.7,86,100,13.07,RU,1681928800
170,aklavik,68.2191,-135.0107,-12.0,79,100,2.06,CA,1681928800
171,lac-megantic,45.5834,-70.8823,3.62,68,95,5.08,CA,1681928801
172,quimper,48.0,-4.1,16.32,59,0,2.57,FR,1681928801
173,portalegre,39.2938,-7.4312,22.63,34,38,2.49,PT,1681928674
174,yerbogachen,61.2767,108.0108,-19.01,98,14,1.23,RU,1681928801
175,camocim,-2.9022,-40.8411,27.87,73,100,1.75,BR,1681928802
176,san cristobal,7.7669,-72.225,24.1,56,99,2.0,VE,1681928709
177,oistins,13.0667,-59.5333,29.05,65,40,6.17,BB,1681928802
178,tinyahuarco,-10.75,-76.3,13.17,53,44,5.15,PE,1681928803
179,cockburn town,21.4612,-71.1419,26.09,76,22,5.95,TC,1681928803
180,kharp,66.8014,65.8081,-8.05,96,38,3.44,RU,1681928803
181,rio gallegos,-51.6226,-69.2181,16.03,51,40,13.89,AR,1681928804
182,krasnyye barrikady,46.2045,47.8535,10.0,53,0,6.0,RU,1681928804
183,ajaccio,42.0,8.9167,12.99,67,0,2.06,FR,1681928804
184,vyazemskiy,47.5378,134.7525,5.26,80,98,2.69,RU,1681928804
185,cumaru,-8.0061,-35.6972,31.64,45,100,2.26,BR,1681928804
186,abalak,58.1286,68.5944,-2.1,61,75,2.23,RU,1681928804
187,santiago,-33.4569,-70.6483,29.05,16,0,2.06,CL,1681928545
188,guaruja,-23.9931,-46.2564,27.69,35,75,1.54,BR,1681928805
189,lumphat,13.4878,106.9816,26.83,75,3,1.11,KH,1681928805
190,bronkhorstspruit,-25.8102,28.7425,19.75,34,0,2.5,ZA,1681928805
191,borovoy,55.4333,86.0833,-2.4,54,40,4.0,RU,1681928805
192,trondheim,63.4305,10.3951,11.62,45,32,2.12,NO,1681928805
193,puteyets,65.1716,57.091,-0.14,96,100,2.3,RU,1681928806
194,bambous virieux,-20.3428,57.7575,26.23,83,40,5.14,MU,1681928806
195,kyren,51.6828,102.1408,-11.8,77,45,0.67,RU,1681928806
196,mar del plata,-38.0023,-57.5575,16.08,60,40,6.17,AR,1681928680
197,surazh,53.0175,32.3918,9.56,61,79,2.94,RU,1681928807
198,kichmengskiy gorodok,59.9816,45.7854,5.84,63,2,2.2,RU,1681928807
199,san vicente,-26.6167,-54.1333,19.23,43,37,3.87,AR,1681928807
200,holland,42.7875,-86.1089,13.69,53,75,5.66,US,1681928803
201,acari,-15.4311,-74.6158,27.35,51,8,4.91,PE,1681928808
202,rawson,-43.3002,-65.1023,26.59,32,8,8.39,AR,1681928808
203,kormilovka,55.0026,74.1028,-1.67,56,24,2.62,RU,1681928808
204,kushmurun,52.4503,64.6311,4.88,77,86,2.36,KZ,1681928808
205,kichera,55.9375,110.0997,-13.76,65,10,2.08,RU,1681928809
206,luganville,-15.5333,167.1667,22.67,95,77,0.84,VU,1681928809
207,sinnamary,5.3833,-52.95,26.82,79,36,6.29,GF,1681928809
208,saint-philippe,-21.3585,55.7679,25.77,85,70,5.76,RE,1681928756
209,adamas,36.7333,24.4333,15.75,76,29,3.48,GR,1681928809
210,beringovskiy,63.05,179.3167,-6.27,96,43,5.13,RU,1681928810
211,jever,53.5833,7.9,10.57,65,1,6.74,DE,1681928810
212,pedernales,18.0384,-71.744,28.59,59,5,2.73,DO,1681928810
213,teguise,29.0605,-13.564,20.12,56,20,7.72,ES,1681928811
214,porto novo,6.4965,2.6036,26.9,70,100,3.19,BJ,1681928688
215,eyl,7.9803,49.8164,28.27,67,7,6.09,SO,1681928811
216,muros,42.7762,-9.0603,17.3,82,31,3.01,ES,1681928811
217,kodiak,57.79,-152.4072,3.73,60,75,5.14,US,1681928558
218,khani,41.9563,42.9566,15.76,77,82,4.01,GE,1681928811
219,sao jose da coroa grande,-8.8978,-35.1478,29.05,69,94,5.44,BR,1681928812
220,nanortalik,60.1432,-45.2371,1.4,86,81,1.71,GL,1681928812
221,victoria,22.2855,114.1577,24.1,93,99,4.02,HK,1681928570
222,matara,5.9485,80.5353,26.65,85,15,1.31,LK,1681928812
223,la rioja,42.25,-2.5,17.88,51,4,2.1,ES,1681928812
224,chicama,-7.8447,-79.1469,26.3,66,98,5.23,PE,1681928812
225,tegal,-6.8694,109.1402,26.18,85,83,2.08,ID,1681928812
226,tortoli,39.9256,9.6572,13.9,82,40,5.14,IT,1681928813
227,celestun,20.8667,-90.4,30.6,52,2,3.15,MX,1681928813
228,talcahuano,-36.7167,-73.1167,20.82,52,0,5.14,CL,1681928813
229,tautira,-17.7333,-149.15,27.71,77,67,6.44,PF,1681928813
230,banjarmasin,-3.3244,114.591,25.08,95,97,1.05,ID,1681928225
231,helensburgh,56.0061,-4.7265,13.56,46,4,1.34,GB,1681928813
232,ancud,-41.8697,-73.8203,14.75,87,98,2.04,CL,1681928678
233,champerico,14.3,-91.9167,35.3,59,6,4.54,GT,1681928814
234,ribeira grande,38.5167,-28.7,15.99,77,75,2.68,PT,1681928814
235,porto murtinho,-21.6989,-57.8825,28.36,36,3,4.09,BR,1681928814
236,cidreira,-30.1811,-50.2056,19.46,42,46,9.02,BR,1681928815
237,kavieng,-2.5744,150.7967,26.6,81,68,1.77,PG,1681928667
238,sampit,-2.5333,112.95,24.51,94,100,0.47,ID,1681928815
239,ginda,30.6945,78.4932,12.99,80,100,2.69,IN,1681928815
240,amahai,-3.3333,128.9167,25.64,87,11,0.83,ID,1681928815
241,bayan,46.0833,127.4,10.86,48,100,5.96,CN,1681928815
242,springbok,-29.6643,17.8865,16.25,42,100,1.72,ZA,1681928815
243,santa cruz cabralia,-16.2781,-39.0247,31.13,74,20,6.17,BR,1681928815
244,lermontovka,47.1453,134.3383,6.69,73,100,3.92,RU,1681928816
245,kotido,2.9806,34.1331,25.16,49,70,3.17,UG,1681928816
246,padang,-0.9492,100.3543,25.03,91,100,0.85,ID,1681928816
247,crotone,39.0851,17.1178,14.55,88,0,2.57,IT,1681928537
248,strezhevoy,60.7333,77.5889,-4.09,97,96,3.38,RU,1681928816
249,port hardy,50.6996,-127.4199,6.1,87,100,1.54,CA,1681928816
250,taoudenni,22.6783,-3.9836,36.86,11,13,8.24,ML,1681928817
251,lakes entrance,-37.8811,147.981,5.09,80,36,1.34,AU,1681928817
252,port moresby,-9.4431,147.1797,22.68,94,0,1.54,PG,1681928651
253,goundam,16.4145,-3.6708,37.06,10,94,2.47,ML,1681928817
254,loandjili,-4.7561,11.8578,29.06,84,40,3.6,CG,1681928817
255,lebu,-37.6167,-73.65,13.77,87,44,10.1,CL,1681928817
256,plettenberg bay,-34.0527,23.3716,20.34,55,99,0.77,ZA,1681928817
257,singkang,2.1006,102.7994,24.64,92,81,0.73,MY,1681928818
258,benguela,-12.5763,13.4055,28.59,78,46,4.52,AO,1681928818
259,cherskiy,68.75,161.3,-4.16,97,100,2.19,RU,1681928818
260,vestmannaeyjar,63.4427,-20.2734,8.55,100,100,10.29,IS,1681928818
261,santa lucia,27.9117,-15.5407,16.62,60,75,9.77,ES,1681928818
262,le port,-20.9373,55.2919,26.0,93,64,10.68,RE,1681928818
263,elko,41.0002,-115.5012,3.74,27,10,3.58,US,1681928818
264,grand gaube,-20.0064,57.6608,26.32,76,21,3.13,MU,1681928818
265,karratha,-20.7377,116.8463,24.09,34,66,5.61,AU,1681928642
266,iqaluit,63.7506,-68.5145,-9.15,92,100,1.54,CA,1681928819
267,vao,-22.6667,167.4833,25.07,75,51,4.62,NC,1681928819
268,airai,-8.9266,125.4092,13.41,93,7,1.82,TL,1681928819
269,cap malheureux,-19.9842,57.6142,26.37,76,23,3.13,MU,1681928819
270,petropavlovsk-kamchatskiy,53.0452,158.6483,2.33,70,75,5.0,RU,1681928820
271,yatou,37.15,122.3833,12.16,90,54,5.6,CN,1681928820
272,bauta,22.9828,-82.5464,30.94,51,75,8.23,CU,1681928821
273,san quintin,30.4833,-115.95,15.8,62,0,10.1,MX,1681928821
274,weihai,37.5017,122.1136,11.29,94,11,4.22,CN,1681928821
275,nha trang,12.25,109.1833,29.0,74,100,1.33,VN,1681928822
276,jiaonan,35.8786,119.9753,11.16,94,72,3.6,CN,1681928822
277,gumdag,39.2061,54.5906,18.38,10,4,9.22,TM,1681928823
278,adrar,20.5022,-10.0711,33.34,12,49,5.2,MR,1681928824
279,esperance,-33.8667,121.9,13.03,74,1,4.75,AU,1681928824
280,norman wells,65.282,-126.8329,-7.98,93,40,3.6,CA,1681928825
281,annau,37.8876,58.516,15.72,21,2,3.09,TM,1681928805
282,alfeld,51.9838,9.8199,11.03,38,49,2.24,DE,1681928825
283,henties bay,-22.116,14.2845,19.46,71,6,3.08,NA,1681928826
284,sembe,1.6481,14.5806,25.84,70,94,0.94,CG,1681928826
285,novaya igirma,57.1334,103.9112,-8.92,89,99,4.34,RU,1681928826
286,acarau,-2.8856,-40.12,28.37,77,89,2.39,BR,1681928567
287,madaba,31.5833,35.6667,22.61,36,79,1.25,JO,1681928827
288,wilmington island,32.0036,-80.9737,29.05,43,20,5.14,US,1681928827
289,nantucket,41.2835,-70.0995,13.03,53,0,10.29,US,1681928688
290,leningradskiy,69.3833,178.4167,-6.32,81,100,2.98,RU,1681928828
291,kailua,21.4022,-157.7394,26.99,82,0,3.6,US,1681928828
292,sibolga,1.7427,98.7792,25.26,90,91,1.58,ID,1681928828
293,ribas do rio pardo,-20.4431,-53.7592,24.86,54,53,4.42,BR,1681928828
294,bontoc,17.0899,120.978,19.73,96,2,0.51,PH,1681928829
295,socorro,31.6546,-106.3033,26.15,11,0,10.29,US,1681928829
296,ponta do sol,32.6667,-17.1,21.11,71,58,1.41,PT,1681928829
297,vangaindrano,-23.35,47.6,21.24,98,10,1.31,MG,1681928830
298,zhigansk,66.7697,123.3711,-12.54,98,39,4.32,RU,1681928830
299,high prairie,55.4334,-116.4858,7.32,58,89,4.02,CA,1681928712
300,pullman,46.7313,-117.1796,9.83,54,0,4.92,US,1681928831
301,bata,1.8639,9.7658,28.58,81,98,3.38,GQ,1681928831
302,ikovka,55.6089,64.9375,0.69,56,0,2.46,RU,1681928831
303,saint-joseph,-21.3667,55.6167,25.21,82,41,1.99,RE,1681928832
304,aitape,-3.1374,142.3475,25.53,88,98,1.74,PG,1681928832
305,whitehorse,60.7161,-135.0538,3.43,81,75,1.03,CA,1681928832
306,sao filipe,14.8961,-24.4956,23.54,76,95,5.31,CV,1681928833
307,te anau,-45.4167,167.7167,7.99,93,50,0.48,NZ,1681928833
308,valdosta,30.8327,-83.2785,28.95,28,0,5.14,US,1681928742
309,batagay-alyta,67.8006,130.4114,-23.32,99,69,2.46,RU,1681928833
310,severo-kurilsk,50.6789,156.125,-0.05,96,93,6.27,RU,1681928834
311,diamantino,-14.4086,-56.4461,28.54,69,100,2.96,BR,1681928834
312,port lincoln,-34.7333,135.8667,14.88,66,99,2.72,AU,1681928605
313,westport,41.1415,-73.3579,14.85,47,20,6.17,US,1681928815
314,bonavista,48.6499,-53.1147,0.12,90,99,5.92,CA,1681928835
315,kirkwood,38.5834,-90.4068,28.22,38,75,11.83,US,1681928540
316,caceres,39.522,-6.3748,23.52,34,81,2.3,ES,1681928541
317,walvis bay,-22.9575,14.5053,21.03,59,8,8.67,NA,1681928835
318,coihaique,-45.5752,-72.0662,18.34,63,40,4.12,CL,1681928835
319,kushima,31.4583,131.2333,16.14,92,100,4.08,JP,1681928620
320,constitucion,-35.3333,-72.4167,19.29,57,61,5.74,CL,1681928836
321,jasper,37.2001,-94.3502,22.28,67,100,8.75,US,1681928650
322,kudahuvadhoo,2.6708,72.8944,28.76,70,100,0.6,MV,1681928836
323,taltal,-25.4,-70.4833,21.26,65,4,2.33,CL,1681928837
324,pevek,69.7008,170.3133,-4.12,82,100,3.91,RU,1681928837
325,raahe,64.6833,24.4833,3.05,99,98,3.93,FI,1681928837
326,manzhouli,49.6,117.4333,-4.24,38,7,14.96,CN,1681928838
327,veliki preslav,43.1667,26.8167,10.83,80,98,1.31,BG,1681928838
328,buba,11.5833,-15.0,36.57,29,20,4.49,GW,1681928839
329,shubarshi,48.5872,57.1869,10.03,43,95,3.16,KZ,1681928840
330,sokoni,-6.4333,39.55,26.57,85,98,6.07,TZ,1681928841
331,anloga,5.7947,0.8973,28.82,75,55,4.02,GH,1681928841
332,albemarle,35.3501,-80.2001,29.59,27,0,2.57,US,1681928841
333,kaka,37.3482,59.6143,13.14,15,2,2.96,TM,1681928842
334,saint george,37.1041,-113.5841,14.68,25,0,3.58,US,1681928757
335,kalmunai,7.4167,81.8167,27.32,80,8,4.32,LK,1681928842
336,namwala,-15.7504,26.4384,21.35,49,71,1.79,ZM,1681928843
337,masindi,1.6744,31.715,19.51,90,77,1.77,UG,1681928843
338,leeuwarden,53.2014,5.8086,11.17,67,2,6.69,NL,1681928843
339,raichur,16.2,77.3667,32.62,19,23,4.18,IN,1681928844
340,vila velha,-20.3297,-40.2925,33.97,67,20,2.57,BR,1681928844
341,zhangye,38.9342,100.4517,6.74,18,23,1.24,CN,1681928844
342,leshukonskoye,64.8989,45.7622,0.3,94,100,3.68,RU,1681928844
343,odienne,9.51,-7.5692,30.67,46,96,3.57,CI,1681928845
344,saldanha,-33.0117,17.9442,14.03,81,100,3.87,ZA,1681928845
345,ardesen,41.1911,40.9875,18.76,56,97,5.91,TR,1681928845
346,itarema,-2.9248,-39.9167,28.26,79,76,2.42,BR,1681928846
347,manokwari,-0.8667,134.0833,25.23,82,91,2.12,ID,1681928846
348,cayenne,4.9333,-52.3333,24.02,100,20,1.54,GF,1681928603
349,severomuysk,56.1481,113.4267,-18.16,92,100,2.25,RU,1681928847
350,bambanglipuro,-7.95,110.2833,25.57,86,30,1.48,ID,1681928847
351,katangli,51.7102,143.2326,-2.77,97,26,2.92,RU,1681928848
352,tucuman,-26.8241,-65.2226,27.0,41,20,2.57,AR,1681928661
353,mezen,65.8522,44.24,0.93,98,100,4.67,RU,1681928848
354,mandya,12.5242,76.8958,25.38,64,0,3.98,IN,1681928849
355,araouane,18.9048,-3.5265,36.11,12,82,2.33,ML,1681928850
356,kiunga,-6.1219,141.2906,21.99,99,86,0.46,PG,1681928851
357,prieska,-29.6641,22.7474,22.78,18,37,4.02,ZA,1681928852
358,pervomayskoye,43.919,46.7102,9.02,63,44,5.53,RU,1681928853
359,berlevag,70.8578,29.0864,4.0,93,75,6.69,NO,1681928853
360,lere,10.387,8.5726,32.03,25,75,2.51,NG,1681928853
361,matay,28.419,30.7792,30.87,15,99,3.88,EG,1681928854
362,suslovo,56.2167,88.1167,-5.1,95,100,4.5,RU,1681928855
363,morros,-9.4467,-46.3003,28.14,64,72,1.38,BR,1681928855
364,avram iancu,46.3833,22.7833,6.26,92,99,1.45,RO,1681928855
365,mirabad,30.4362,61.8383,20.12,13,0,5.43,AF,1681928855
366,odweyne,9.4092,45.064,28.34,32,8,2.34,SO,1681928856
367,molokovo,58.1661,36.7628,7.27,65,40,2.64,RU,1681928856
368,silivri,41.0802,28.226,11.62,90,81,3.01,TR,1681928857
369,roma,43.2128,-75.4557,4.42,73,100,6.69,US,1681928857
370,mahon,39.8885,4.2658,15.31,72,0,3.6,ES,1681928613
371,ende,-8.8432,121.6623,24.83,85,81,2.79,ID,1681928857
372,puerto el triunfo,13.2833,-88.55,32.51,57,28,4.85,SV,1681928858
373,juwana,-6.715,111.1514,24.72,91,19,1.72,ID,1681928858
374,rocha,-34.4833,-54.3333,15.01,76,92,5.16,UY,1681928858
375,necochea,-38.5473,-58.7368,15.14,55,78,8.18,AR,1681928859
376,anadyr,64.75,177.4833,-3.72,85,40,6.0,RU,1681928859
377,clyde river,70.4692,-68.5914,-12.87,78,20,1.03,CA,1681928859
378,faya,18.3851,42.4509,18.06,54,1,2.35,SA,1681928859
379,krasnogorsk,55.8225,37.3181,13.99,32,0,5.0,RU,1681928859
380,yumen,40.2833,97.2,4.21,14,26,5.88,CN,1681928859
381,angoram,-4.0625,144.0661,23.43,99,100,0.85,PG,1681928860
382,roald,62.5833,6.1333,14.95,71,0,6.17,NO,1681928860
383,myanaung,18.2833,95.3167,29.99,63,0,2.59,MM,1681928860
384,krasnoselkup,65.7,82.4667,-11.0,97,100,2.51,RU,1681928860
385,vanimo,-2.6741,141.3028,25.37,90,98,2.48,PG,1681928860
386,mercedes,-34.6515,-59.4307,19.36,36,47,8.94,AR,1681928861
387,tessalit,20.1986,1.0114,34.97,7,35,4.04,ML,1681928861
388,teya,60.3778,92.6267,-14.24,99,100,1.61,RU,1681928861
389,lahij,13.1667,44.5833,27.02,56,2,3.43,YE,1681928861
390,ishigaki,24.3448,124.1572,25.07,100,75,5.14,JP,1681928862
391,sumbe,-11.2061,13.8437,27.73,86,69,1.93,AO,1681928862
392,namtsy,62.7161,129.6658,-6.07,96,100,2.05,RU,1681928862
393,olden,61.8364,6.8064,15.41,64,45,1.51,NO,1681928862
394,guangyuan,32.442,105.823,21.32,77,73,1.53,CN,1681928853
395,zhaotong,27.3167,103.7167,17.38,69,73,1.86,CN,1681928862
396,resistencia,-27.4606,-58.9839,27.27,30,0,6.17,AR,1681928863
397,zavodouspenskoye,56.8626,65.0155,2.12,54,7,2.11,RU,1681928863
398,olafsvik,64.8945,-23.7142,7.52,97,100,4.15,IS,1681928863
399,auki,-8.7676,160.7034,24.57,81,24,0.36,SB,1681928863
400,mayya,61.7333,130.2811,-2.38,97,100,2.54,RU,1681928863
401,la tuque,47.4334,-72.7824,7.14,45,100,4.12,CA,1681928863
402,horsham,51.064,-0.3272,12.62,57,0,8.23,GB,1681928864
403,weyburn,49.6668,-103.8511,-1.88,93,100,12.86,CA,1681928655
404,cibitoke,-2.8833,29.25,17.02,93,44,1.57,BI,1681928864
405,hambantota,6.1241,81.1185,27.19,94,40,0.51,LK,1681928864
406,yebaishou,41.3975,119.6408,15.01,46,100,8.11,CN,1681928864
407,cabo rojo,18.0866,-67.1457,30.96,67,10,4.02,PR,1681928864
408,yara,20.2753,-76.9533,30.99,54,10,2.19,CU,1681928865
409,alta floresta,-9.8756,-56.0861,34.9,55,40,3.09,BR,1681928678
410,kuhdasht,33.535,47.6061,17.04,49,4,1.19,IR,1681928865
411,angoche,-16.2325,39.9086,25.34,74,14,2.99,MZ,1681928865
412,touros,-5.1989,-35.4608,29.18,68,78,4.89,BR,1681928797
413,dudinka,69.4058,86.1778,-14.1,100,100,2.13,RU,1681928865
414,cibitung,-7.119,107.1309,19.9,97,100,0.28,ID,1681928866
415,misratah,32.3754,15.0925,19.41,58,14,9.35,LY,1681928866
416,maniwaki,46.3834,-75.966,1.21,55,100,4.63,CA,1681928655
417,shelburne,44.0787,-80.2041,4.39,57,70,5.13,CA,1681928866
418,san jose,37.3394,-121.895,16.25,50,20,6.26,US,1681928793
419,worland,44.0169,-107.9554,8.15,31,100,4.47,US,1681928768
420,narok,-1.0783,35.8601,16.94,83,68,3.7,KE,1681928867
421,fairbanks,64.8378,-147.7164,-2.88,56,40,0.0,US,1681928867
422,kasongo,-4.45,26.6667,22.47,91,96,1.55,CD,1681928867
423,ostrovnoy,68.0531,39.5131,2.5,98,100,7.71,RU,1681928867
424,niksic,42.7731,18.9445,8.15,83,95,0.09,ME,1681928867
425,ust-nera,64.5667,143.2,-15.76,100,100,3.0,RU,1681928867
426,caravelas,-17.7125,-39.2481,30.98,67,29,5.45,BR,1681928868
427,rabo de peixe,37.8,-25.5833,16.73,82,20,10.29,PT,1681928868
428,la baule-escoublac,47.2922,-2.364,17.81,60,0,2.06,FR,1681928868
429,key largo,25.0865,-80.4473,26.0,57,99,6.0,US,1681928868
430,khipro,25.8285,69.3772,29.87,26,78,5.71,PK,1681928868
431,grants pass,42.439,-123.3284,10.82,60,75,3.6,US,1681928868
432,port blair,11.6667,92.75,27.62,81,11,3.07,IN,1681928854
433,sorkjosen,69.8,20.9333,8.0,66,75,4.12,NO,1681928868
434,suluq,31.6682,20.2521,17.74,51,0,3.82,LY,1681928869
435,labuhan,-6.8844,112.2051,25.58,89,41,2.8,ID,1681928869
436,tabou,4.423,-7.3528,28.58,76,67,5.1,CI,1681928869
437,lorengau,-2.0226,147.2712,26.59,81,54,2.46,PG,1681928869
438,livingston,55.9029,-3.5226,12.69,76,0,6.69,GB,1681928869
439,rabaul,-4.1967,152.1721,25.91,82,75,2.41,PG,1681928869
440,bardiyah,31.7561,25.0865,16.44,69,0,5.84,LY,1681928870
441,coquimbo,-29.9533,-71.3436,19.85,63,0,6.17,CL,1681928605
442,inhambane,-23.865,35.3833,21.99,83,20,0.0,MZ,1681928647
443,hameenlinna,60.996,24.4643,5.32,73,15,1.77,FI,1681928870
444,san patricio,28.017,-97.5169,26.94,64,89,7.61,US,1681928870
445,republic,37.12,-93.4802,24.95,61,86,4.02,US,1681928808
446,iaciara,-14.0958,-46.6317,30.61,48,33,2.0,BR,1681928870
447,omboue,-1.5746,9.2618,26.71,88,100,2.14,GA,1681928871
448,codajas,-3.8367,-62.0569,30.97,63,99,2.23,BR,1681928871
449,itacoatiara,-3.1431,-58.4442,27.18,80,97,0.67,BR,1681928871
450,portland,45.5234,-122.6762,7.56,89,100,4.12,US,1681928683
451,moose factory,51.2585,-80.6094,-4.0,74,100,5.66,CA,1681928872
452,borba,-4.3878,-59.5939,30.62,69,100,1.04,BR,1681928872
453,kieta,-6.2167,155.6333,25.24,81,30,1.57,PG,1681928873
454,methven,-43.6333,171.65,8.84,87,19,2.03,NZ,1681928873
455,salamiyah,35.0113,37.0532,20.41,50,99,1.96,SY,1681928873
456,verkhnevilyuysk,63.4453,120.3167,-15.01,99,86,1.37,RU,1681928873
457,etchojoa,26.9167,-109.6333,30.15,35,82,4.32,MX,1681928873
458,tselinnoye,53.0833,85.6667,-8.46,91,60,5.43,RU,1681928873
459,shubarkuduk,49.1447,56.4872,9.87,47,96,3.08,KZ,1681928874
460,paamiut,61.994,-49.6678,-0.04,84,100,0.98,GL,1681928875
461,codrington,-38.2667,141.9667,9.92,87,60,3.7,AU,1681928658
462,seymchan,62.8833,152.4333,-6.28,93,100,5.18,RU,1681928875
463,knysna,-34.0363,23.0471,20.75,63,99,1.18,ZA,1681928875
464,vestmanna,62.1564,-7.1664,8.51,76,0,3.09,FO,1681928875
465,fairview,40.8126,-73.999,16.9,38,0,6.17,US,1681928875
466,barahona,18.2085,-71.1008,30.9,66,20,7.72,DO,1681928875
467,north bend,43.4065,-124.2243,9.95,94,100,2.57,US,1681928876
468,karaton,-6.3424,106.1045,23.53,95,97,0.23,ID,1681928876
469,kariba,-16.5167,28.8,24.47,52,69,1.34,ZW,1681928876
470,mao,39.8885,4.2658,15.31,72,0,3.6,ES,1681928613
471,namibe,-15.1961,12.1522,25.76,74,65,5.47,AO,1681928876
472,fare,-16.7,-151.0167,27.61,79,77,6.71,PF,1681928876
473,kalevala,65.2,31.1667,1.5,99,100,3.1,RU,1681928654
474,loa janan,-0.583,117.095,23.38,98,98,0.55,ID,1681928877
475,bandarbeyla,9.4942,50.8122,28.26,67,4,4.55,SO,1681928877
476,bathsheba,13.2167,-59.5167,29.34,65,40,6.17,BB,1681928877
477,yeppoon,-23.1333,150.7333,19.88,74,36,5.84,AU,1681928877
478,spearfish,44.4908,-103.8594,11.05,27,0,7.6,US,1681928726
479,praia da vitoria,38.7333,-27.0667,13.14,100,40,6.61,PT,1681928633
480,yulara,-25.2406,130.9889,14.98,56,0,7.75,AU,1681928878
481,dingle,10.9995,122.6711,25.76,76,24,1.83,PH,1681928878
482,havoysund,70.9963,24.6622,5.13,94,100,14.15,NO,1681928878
483,khandbari,27.3747,87.2039,23.15,36,85,2.75,NP,1681928878
484,monster,52.0258,4.175,13.32,57,4,8.23,NL,1681928878
485,belmonte,-15.8631,-38.8828,29.4,75,23,6.06,BR,1681928878
486,nuuk,64.1835,-51.7216,-0.66,80,75,4.12,GL,1681928878
487,akyab,20.15,92.9,28.55,76,32,1.57,MM,1681928698
488,sirjan,29.452,55.6814,18.64,29,33,0.77,IR,1681928879
489,gudalur,9.6833,77.2667,24.5,88,23,1.74,IN,1681928879
490,marzuq,14.4,46.4667,23.64,55,5,3.79,YE,1681928879
491,akdepe,42.0551,59.3788,11.05,15,62,4.99,TM,1681928879
492,coos bay,43.3665,-124.2179,9.99,94,100,2.57,US,1681928879
493,berezovyy,51.6667,135.7,-0.14,95,75,1.33,RU,1681928879
494,razole,16.4833,81.8333,27.23,81,3,2.63,IN,1681928880
495,brigantine,39.4101,-74.3646,20.11,37,0,7.72,US,1681928880
496,hami,42.8,93.45,9.09,15,87,2.79,CN,1681928880
497,teguldet,57.3064,88.1667,-5.8,92,100,2.7,RU,1681928881
498,salinopolis,-0.6136,-47.3561,25.48,90,100,2.51,BR,1681928881
499,aripuana,-9.1667,-60.6333,29.48,73,98,0.85,BR,1681928881
500,kirakira,-10.4544,161.9205,25.19,85,40,2.6,SB,1681928881
501,abu kamal,34.4506,40.9171,26.02,35,87,5.42,SY,1681928881
502,rapina,58.0981,27.4636,6.86,67,47,2.93,EE,1681928882
503,cozumel,20.5083,-86.9458,31.04,63,40,3.13,MX,1681928809
504,san matias,-16.3667,-58.4,27.66,73,92,2.59,BO,1681928882
505,amapa,1.0,-52.0,28.15,70,97,1.11,BR,1681928883
506,viedma,-40.8135,-62.9967,21.33,39,15,3.84,AR,1681928884
507,solano,38.2333,-121.9511,15.85,45,0,5.14,US,1681928884
508,shunyi,40.125,116.6453,20.97,40,0,5.0,CN,1681928884
509,svetlyy,54.675,20.1347,11.03,83,77,5.71,RU,1681928885
510,hauterive,46.0901,3.4459,17.42,68,47,2.32,FR,1681928885
511,van wert,40.8695,-84.5841,18.9,36,0,4.63,US,1681928885
512,lengshuitan,26.4111,111.5956,21.29,88,35,0.97,CN,1681928886
513,vredendal,-31.6683,18.5012,17.49,68,95,1.83,ZA,1681928886
514,sainte-suzanne,-20.9061,55.6089,26.12,83,75,9.26,RE,1681928886
515,sao miguel do guama,-1.6267,-47.4833,27.8,80,98,0.92,BR,1681928887
516,gorontalo,0.5412,123.0595,23.94,95,30,1.32,ID,1681928888
517,along,28.1667,94.7667,20.0,84,86,1.3,IN,1681928888
518,lufilufi,-13.8745,-171.5986,24.88,77,90,7.2,WS,1681928888
519,ilulissat,69.2167,-51.1,-4.99,86,100,3.09,GL,1681928888
520,ghanzi,-21.5667,21.7833,22.05,26,3,3.77,BW,1681928889
521,ocampo,21.65,-101.5,24.83,14,71,6.78,MX,1681928889
522,singaraja,-8.112,115.0882,25.96,84,16,1.94,ID,1681928889
523,yilan,24.757,121.753,26.68,99,100,1.57,TW,1681928890
524,waitati,-45.75,170.5667,12.67,95,10,1.75,NZ,1681928890
525,vrangel,42.7297,133.0839,6.86,71,86,2.49,RU,1681928890
526,teknaf,20.8624,92.3058,27.07,83,25,1.11,BD,1681928891
527,maningrida,-12.0667,134.2667,22.8,91,82,2.37,AU,1681928891
528,lata,40.1629,-8.3327,22.18,44,1,2.45,PT,1681928892
529,mackay,-21.15,149.2,20.38,75,2,4.49,AU,1681928892
530,nalut,30.3333,10.85,28.02,12,6,4.12,LY,1681928893
531,cassilandia,-19.1133,-51.7342,25.01,79,97,3.85,BR,1681928816
532,lincoln,40.8,-96.667,25.5,63,75,4.12,US,1681928748
533,baniyas,35.1819,35.9487,20.16,57,87,4.47,SY,1681928894
534,tete,-16.1564,33.5867,24.05,73,20,2.06,MZ,1681928894
535,pavlodar,52.3,76.95,-9.11,73,0,1.0,KZ,1681928896
536,bealanana,-14.55,48.7333,17.48,98,40,1.25,MG,1681928896
537,buraydah,26.326,43.975,25.25,37,2,4.62,SA,1681928860
538,bang ban,14.3739,100.4853,32.77,68,28,5.74,TH,1681928897
539,rio grande,-32.035,-52.0986,16.06,53,100,8.89,BR,1681928822
540,eskil,38.4017,33.4131,14.77,40,16,3.02,TR,1681928897
541,koungou,-12.7336,45.2042,26.84,94,0,3.6,YT,1681928898
542,emba,48.8264,58.1442,9.8,52,98,3.59,KZ,1681928898
543,itoman,26.1247,127.6694,23.43,96,75,5.66,JP,1681928898
544,russell,32.3502,-85.1999,29.95,26,20,2.57,US,1681928898
545,sobolevo,54.4299,31.8996,10.95,62,92,5.57,RU,1681928898
546,eirunepe,-6.6603,-69.8736,31.44,59,99,2.06,BR,1681928899
547,tongchuan,35.0806,109.0897,19.94,32,30,2.68,CN,1681928899
548,ternate,0.8,127.4,27.21,79,71,1.06,ID,1681928899
549,gore,-46.1028,168.9436,6.16,98,39,0.65,NZ,1681928900
550,san policarpo,12.1791,125.5072,26.78,85,14,2.11,PH,1681928901
551,mana,5.6592,-53.7767,27.54,77,54,4.52,GF,1681928901
552,mildura,-34.2,142.15,7.82,82,41,4.35,AU,1681928901
553,moroni,-11.7022,43.2551,27.26,84,100,4.46,KM,1681928902
554,hervey bay,-25.2986,152.8535,20.08,71,0,5.83,AU,1681928902
555,pangnirtung,66.1451,-65.7125,-7.3,66,38,0.81,CA,1681928902
556,porlamar,10.958,-63.8491,31.05,51,15,9.77,VE,1681928903
557,pavlogradka,54.2024,73.5592,-0.91,28,7,1.7,RU,1681928903
558,nivala,63.9167,24.9667,1.84,97,86,2.19,FI,1681928904
559,camana,-16.6228,-72.7111,23.11,69,36,3.61,PE,1681928870
560,tarakan,3.3,117.6333,27.98,73,6,1.5,ID,1681928904
561,ahipara,-35.1667,173.1667,19.58,91,96,4.18,NZ,1681928904
562,cam ranh,11.9214,109.1591,28.98,79,20,4.63,VN,1681928905
